F,N,M,mode,W,core_type,model,work,placement,n_machines,n_ticks,repeat,scenario_name,sim_id,setup_s,broker_setup_s,federate_spawn_s,sim_wall_s,perf_n_ticks,tick_mean_s,tick_median_s,tick_p95_s,failure_mode,peak_rss_mb,cpu_util_pct,throughput_inst_steps_s,exchange,distance,fanout,msg_width,freq,causality,n_edges,n_subs,max_fed_in,max_fed_out
2,2,4,seq,,zmq,exchange_dummy,,local,1,300,0,scaling_F2_N2_M4_seq_zmq_local,20260728_082547,1.6236517429351807,0.6340882778167725,0.040836334228515625,0.03777337074279785,300,0.00012517293294270833,9.047985076904297e-05,0.00029206275939941406,,779.8671875,1170.7900000000002,127073.64753555131,none,,,1,1,,0,0,0,0
2,2,4,seq,,zmq,exchange_dummy,,local,1,300,1,scaling_F2_N2_M4_seq_zmq_local,20260728_082551,1.6455471515655518,0.636162519454956,0.0394284725189209,0.037550926208496094,300,0.00012436310450236003,8.440017700195312e-05,0.0002911090850830078,,777.85546875,1151.29,127826.40761904762,none,,,1,1,,0,0,0,0
2,2,4,seq,,zmq,exchange_dummy,,local,1,300,2,scaling_F2_N2_M4_seq_zmq_local,20260728_082555,1.607879638671875,0.633267879486084,0.039206743240356445,0.039092063903808594,300,0.00012955745061238606,9.393692016601562e-05,0.000293731689453125,,780.75390625,1130.59,122787.07033251201,none,,,1,1,,0,0,0,0
2,4,1,seq,,zmq,exchange_dummy,,local,1,300,0,scaling_F2_N4_M1_seq_zmq_local,20260728_082558,1.771205186843872,0.6353092193603516,0.07284355163574219,0.027365922927856445,300,9.018421173095703e-05,5.555152893066406e-05,0.00013566017150878906,,1328.5859375,1497.0099999999998,87700.31276953503,none,,,1,1,,0,0,0,0
2,4,1,seq,,zmq,exchange_dummy,,local,1,300,1,scaling_F2_N4_M1_seq_zmq_local,20260728_082602,1.7906720638275146,0.6360325813293457,0.07416677474975586,0.0227963924407959,300,7.510900497436523e-05,6.29425048828125e-05,0.000125885009765625,,1328.71484375,1359.6,105279.81592846311,none,,,1,1,,0,0,0,0
2,4,1,seq,,zmq,exchange_dummy,,local,1,300,2,scaling_F2_N4_M1_seq_zmq_local,20260728_082606,1.872593641281128,0.6359498500823975,0.07188773155212402,0.02456831932067871,300,8.099158604939778e-05,5.602836608886719e-05,0.00015997886657714844,,1325.11328125,1454.34,97686.77981891758,none,,,1,1,,0,0,0,0
2,4,2,seq,,zmq,exchange_dummy,,local,1,300,0,scaling_F2_N4_M2_seq_zmq_local,20260728_082610,1.745283842086792,0.6309387683868408,0.07161521911621094,0.029082775115966797,300,9.609381357828776e-05,7.939338684082031e-05,0.00017714500427246094,,1328.76171875,1504.0,165046.1477922972,none,,,1,1,,0,0,0,0
2,4,2,seq,,zmq,exchange_dummy,,local,1,300,1,scaling_F2_N4_M2_seq_zmq_local,20260728_082613,1.7837238311767578,0.631157398223877,0.07138776779174805,0.02840709686279297,300,9.38550631205241e-05,8.475780487060547e-05,0.00018644332885742188,,1329.4921875,1424.73,168971.86020747304,none,,,1,1,,0,0,0,0
2,4,2,seq,,zmq,exchange_dummy,,local,1,300,2,scaling_F2_N4_M2_seq_zmq_local,20260728_082617,1.7778127193450928,0.6336429119110107,0.07207679748535156,0.029023170471191406,300,9.579817454020182e-05,6.4849853515625e-05,0.00018334388732910156,,1328.8828125,1458.31,165385.10169881379,none,,,1,1,,0,0,0,0
2,4,4,seq,,zmq,exchange_dummy,,local,1,300,0,scaling_F2_N4_M4_seq_zmq_local,20260728_082621,1.8062193393707275,0.63446044921875,0.07239890098571777,0.039696455001831055,300,0.00013156414031982423,9.512901306152344e-05,0.0002963542938232422,,1327.03515625,1534.23,241835.19660778742,none,,,1,1,,0,0,0,0
2,4,4,seq,,zmq,exchange_dummy,,local,1,300,1,scaling_F2_N4_M4_seq_zmq_local,20260728_082625,1.8231825828552246,0.6358311176300049,0.07467126846313477,0.03757953643798828,300,0.0001244815190633138,9.918212890625e-05,0.0002541542053222656,,1327.6796875,1577.1799999999998,255458.18043395507,none,,,1,1,,0,0,0,0
2,4,4,seq,,zmq,exchange_dummy,,local,1,300,2,scaling_F2_N4_M4_seq_zmq_local,20260728_082628,1.811725378036499,0.6367948055267334,0.07335281372070312,0.03958272933959961,300,0.0001311333974202474,8.702278137207031e-05,0.000293731689453125,,1322.75390625,1654.36,242530.01650383684,none,,,1,1,,0,0,0,0
2,4,8,seq,,zmq,exchange_dummy,,local,1,300,0,scaling_F2_N4_M8_seq_zmq_local,20260728_082632,1.8965158462524414,0.7364132404327393,0.07706904411315918,0.052736759185791016,300,0.0001750469207763672,0.00013399124145507812,0.00046539306640625,,1341.046875,1495.5727272727272,364072.4287277232,none,,,1,1,,0,0,0,0
2,4,8,seq,,zmq,exchange_dummy,,local,1,300,1,scaling_F2_N4_M8_seq_zmq_local,20260728_082636,1.8038277626037598,0.6321711540222168,0.07095766067504883,0.051954030990600586,300,0.00017245690027872722,0.00012636184692382812,0.0004534721374511719,,1327.6875,1531.3799999999997,369557.46520368406,none,,,1,1,,0,0,0,0
2,4,8,seq,,zmq,exchange_dummy,,local,1,300,2,scaling_F2_N4_M8_seq_zmq_local,20260728_082640,1.8221027851104736,0.6320772171020508,0.07185626029968262,0.05216813087463379,300,0.0001732190450032552,0.00012803077697753906,0.00041174888610839844,,1328.4765625,1637.4,368040.78808458516,none,,,1,1,,0,0,0,0
2,4,16,seq,,zmq,exchange_dummy,,local,1,300,0,scaling_F2_N4_M16_seq_zmq_local,20260728_082644,1.8274049758911133,0.6352155208587646,0.07150864601135254,0.1259140968322754,300,0.00041876395543416343,0.0004056692123413086,0.0004603862762451172,,1345.0546875,1603.67,304969.82439663564,none,,,1,1,,0,0,0,0
2,4,16,seq,,zmq,exchange_dummy,,local,1,300,1,scaling_F2_N4_M16_seq_zmq_local,20260728_082647,1.7982895374298096,0.636559247970581,0.07484149932861328,0.08032822608947754,300,0.00026706059773763023,0.00021755695343017578,0.0007731914520263672,,1328.54296875,1485.8300000000002,478038.6903754886,none,,,1,1,,0,0,0,0
2,4,16,seq,,zmq,exchange_dummy,,local,1,300,2,scaling_F2_N4_M16_seq_zmq_local,20260728_082651,1.874241590499878,0.6357402801513672,0.07417178153991699,0.08617329597473145,300,0.00028652350107828776,0.00021696090698242188,0.0005211830139160156,,1352.47265625,1638.8700000000001,445613.6853725546,none,,,1,1,,0,0,0,0
2,4,32,seq,,zmq,exchange_dummy,,local,1,300,0,scaling_F2_N4_M32_seq_zmq_local,20260728_082655,1.789930820465088,0.6328375339508057,0.06325292587280273,0.22514867782592773,300,0.0007494123776753743,0.0007617473602294922,0.0012221336364746094,,1356.84375,1577.3700000000001,341107.93250750256,none,,,1,1,,0,0,0,0
2,4,32,seq,,zmq,exchange_dummy,,local,1,300,1,scaling_F2_N4_M32_seq_zmq_local,20260728_082659,1.8434035778045654,0.6326456069946289,0.07191705703735352,0.1376326084136963,300,0.000458065668741862,0.00040912628173828125,0.0005540847778320312,,1354.5625,1609.69,558007.2984532448,none,,,1,1,,0,0,0,0
2,4,32,seq,,zmq,exchange_dummy,,local,1,300,2,scaling_F2_N4_M32_seq_zmq_local,20260728_082702,1.8454980850219727,0.6325008869171143,0.07174062728881836,0.14008259773254395,300,0.0004662783940633138,0.00040793418884277344,0.0006103515625,,1356.01171875,1559.99,548247.9711479383,none,,,1,1,,0,0,0,0
2,4,64,seq,,zmq,exchange_dummy,,local,1,300,0,scaling_F2_N4_M64_seq_zmq_local,20260728_082706,1.8540005683898926,0.6326541900634766,0.07110214233398438,0.2540552616119385,300,0.0008460815747578939,0.0007567405700683594,0.0014011859893798828,,1359.85546875,1613.15,604592.870958206,none,,,1,1,,0,0,0,0
2,4,64,seq,,zmq,exchange_dummy,,local,1,300,1,scaling_F2_N4_M64_seq_zmq_local,20260728_082710,1.7774169445037842,0.6327011585235596,0.06612300872802734,0.24804019927978516,300,0.0008260631561279297,0.0007724761962890625,0.0009775161743164062,,1364.6640625,1593.23,619254.4613574584,none,,,1,1,,0,0,0,0
2,4,64,seq,,zmq,exchange_dummy,,local,1,300,2,scaling_F2_N4_M64_seq_zmq_local,20260728_082714,1.8603768348693848,0.6371726989746094,0.07547712326049805,0.24353933334350586,300,0.0008110904693603516,0.0007619857788085938,0.0008695125579833984,,1359.3203125,1535.1200000000001,630698.942512712,none,,,1,1,,0,0,0,0
2,8,4,seq,,zmq,exchange_dummy,,local,1,300,0,scaling_F2_N8_M4_seq_zmq_local,20260728_082718,2.130857229232788,0.6349701881408691,0.13987088203430176,0.042717695236206055,300,0.00014147361119588216,0.00010800361633300781,0.0003113746643066406,,2439.2734375,2498.663636363636,449462.45095467457,none,,,1,1,,0,0,0,0
2,8,4,seq,,zmq,exchange_dummy,,local,1,300,1,scaling_F2_N8_M4_seq_zmq_local,20260728_082722,2.1148529052734375,0.6329376697540283,0.12694954872131348,0.058945417404174805,300,0.00019530614217122395,0.00015926361083984375,0.0005197525024414062,,2429.11328125,2770.13,325725.06643476855,none,,,1,1,,0,0,0,0
2,8,4,seq,,zmq,exchange_dummy,,local,1,300,2,scaling_F2_N8_M4_seq_zmq_local,20260728_082725,2.191286563873291,0.6353681087493896,0.1455836296081543,0.040415048599243164,300,0.00013395865758260091,0.0001010894775390625,0.0002956390380859375,,2429.01953125,2660.009090909091,475070.56567932846,none,,,1,1,,0,0,0,0
2,16,4,seq,,zmq,exchange_dummy,,local,1,300,0,scaling_F2_N16_M4_seq_zmq_local,20260728_082730,2.7449326515197754,0.6350278854370117,0.2868642807006836,0.061388492584228516,300,0.0002035355567932129,0.0001766681671142578,0.0003705024719238281,,4653.71484375,3427.0928571428567,625524.4001522437,none,,,1,1,,0,0,0,0
2,16,4,seq,,zmq,exchange_dummy,,local,1,300,1,scaling_F2_N16_M4_seq_zmq_local,20260728_082735,2.7477734088897705,0.6357388496398926,0.2726736068725586,0.06207633018493652,300,0.0002057981491088867,0.0001747608184814453,0.00037670135498046875,,4646.72265625,3367.914285714286,618593.2687322126,none,,,1,1,,0,0,0,0
2,16,4,seq,,zmq,exchange_dummy,,local,1,300,2,scaling_F2_N16_M4_seq_zmq_local,20260728_082740,2.7376670837402344,0.6332943439483643,0.5192828178405762,0.06174802780151367,300,0.00020461241404215496,0.00017309188842773438,0.0005106925964355469,,4640.06640625,3292.826666666667,621882.210123943,none,,,1,1,,0,0,0,0
2,16,16,seq,,zmq,exchange_dummy,,local,1,300,0,scaling_F2_N16_M16_seq_zmq_local,20260728_082745,2.7759153842926025,0.6329665184020996,0.44269895553588867,0.15969610214233398,300,0.0005310400327046712,0.0004945993423461914,0.0008566379547119141,,4712.296875,3513.3133333333335,961826.857008065,none,,,1,1,,0,0,0,0
2,16,16,seq,,zmq,exchange_dummy,,local,1,300,1,scaling_F2_N16_M16_seq_zmq_local,20260728_082751,2.7787041664123535,0.632885217666626,0.4084954261779785,0.1440730094909668,300,0.0004790719350179036,0.00047791004180908203,0.0005955696105957031,,4714.875,3475.5333333333333,1066126.129680317,none,,,1,1,,0,0,0,0
2,16,16,seq,,zmq,exchange_dummy,,local,1,300,2,scaling_F2_N16_M16_seq_zmq_local,20260728_082756,2.6935737133026123,0.6360421180725098,0.3120443820953369,0.1513526439666748,300,0.000503376324971517,0.0005042552947998047,0.0007863044738769531,,4646.10546875,3264.3571428571427,1014848.4755497236,none,,,1,1,,0,0,0,0
2,32,4,seq,,zmq,exchange_dummy,,local,1,300,0,scaling_F2_N32_M4_seq_zmq_local,20260728_082802,4.132818222045898,0.7417159080505371,1.3785028457641602,0.06350517272949219,300,0.00021039883295694987,0.00017440319061279297,0.00048041343688964844,,9064.4765625,5567.106249999999,1209350.304850578,none,,,1,1,,0,0,0,0
2,32,4,seq,,zmq,exchange_dummy,,local,1,300,1,scaling_F2_N32_M4_seq_zmq_local,20260728_082808,4.218370676040649,1.150080919265747,1.0682353973388672,0.06277966499328613,300,0.00020795663197835287,0.00017595291137695312,0.0004355907440185547,,9116.22265625,5268.8,1223326.0564262846,none,,,1,1,,0,0,0,0
2,32,4,seq,,zmq,exchange_dummy,,local,1,300,2,scaling_F2_N32_M4_seq_zmq_local,20260728_082815,4.159898519515991,0.8556206226348877,1.2663729190826416,0.06468915939331055,300,0.00021436055501302084,0.00018227100372314453,0.0004870891571044922,,9068.04296875,5749.147058823529,1187215.9218062405,none,,,1,1,,0,0,0,0
2,4,1,seq,,zmq,exchange_dummy,,local,1,300,0,scaling_F2_N4_M1_seq_zmq_local_xcross_fed_all2all_w1_f1_same_step,20260728_082821,1.7995102405548096,0.6322555541992188,0.07037568092346191,0.050994157791137695,300,0.00016940832138061522,0.00015544891357421875,0.0002415180206298828,,1327.41796875,1466.7400000000002,47064.21488182902,on,cross_fed,all2all,1,1,same_step,16,4,4,4
2,4,1,seq,,zmq,exchange_dummy,,local,1,300,1,scaling_F2_N4_M1_seq_zmq_local_xcross_fed_all2all_w1_f1_same_step,20260728_082825,1.7856600284576416,0.6312828063964844,0.07122659683227539,0.0480647087097168,300,0.00015958070755004884,0.00012969970703125,0.0003228187561035156,,1328.03125,1398.3899999999999,49932.6858401373,on,cross_fed,all2all,1,1,same_step,16,4,4,4
2,4,1,seq,,zmq,exchange_dummy,,local,1,300,2,scaling_F2_N4_M1_seq_zmq_local_xcross_fed_all2all_w1_f1_same_step,20260728_082828,1.8652515411376953,0.6312379837036133,0.07088661193847656,0.04918265342712402,300,0.0001633302370707194,0.00014269351959228516,0.00024056434631347656,,1341.76171875,1708.98,48797.69253515733,on,cross_fed,all2all,1,1,same_step,16,4,4,4
2,4,2,seq,,zmq,exchange_dummy,,local,1,300,0,scaling_F2_N4_M2_seq_zmq_local_xcross_fed_all2all_w1_f1_same_step,20260728_082832,1.7985286712646484,0.6323161125183105,0.07058572769165039,0.07289719581604004,300,0.00024240414301554363,0.0002243518829345703,0.00031757354736328125,,1328.02734375,1505.01,65846.15424869093,on,cross_fed,all2all,1,1,same_step,32,8,8,8
2,4,2,seq,,zmq,exchange_dummy,,local,1,300,1,scaling_F2_N4_M2_seq_zmq_local_xcross_fed_all2all_w1_f1_same_step,20260728_082836,1.7670271396636963,0.6344783306121826,0.06575274467468262,0.08734583854675293,300,0.00029041210810343423,0.0002778768539428711,0.0003540515899658203,,1329.78515625,1510.02,54953.96323238389,on,cross_fed,all2all,1,1,same_step,32,8,8,8
2,4,2,seq,,zmq,exchange_dummy,,local,1,300,2,scaling_F2_N4_M2_seq_zmq_local_xcross_fed_all2all_w1_f1_same_step,20260728_082840,1.8632245063781738,0.6319248676300049,0.07131075859069824,0.07705903053283691,300,0.0002560591697692871,0.0002435445785522461,0.0002911090850830078,,1340.53125,1697.3899999999999,62289.90900624673,on,cross_fed,all2all,1,1,same_step,32,8,8,8
2,4,4,seq,,zmq,exchange_dummy,,local,1,300,0,scaling_F2_N4_M4_seq_zmq_local_xcross_fed_all2all_w1_f1_same_step,20260728_082843,1.8563244342803955,0.6530053615570068,0.07144904136657715,0.09782147407531738,300,0.00032547235488891604,0.0002956390380859375,0.000431060791015625,,1349.46484375,1516.97,98137.96092061039,on,cross_fed,all2all,1,1,same_step,64,16,16,16
2,4,4,seq,,zmq,exchange_dummy,,local,1,300,1,scaling_F2_N4_M4_seq_zmq_local_xcross_fed_all2all_w1_f1_same_step,20260728_082847,1.7714011669158936,0.6320242881774902,0.07111167907714844,0.10630226135253906,300,0.00035366137822469073,0.00032901763916015625,0.00040793418884277344,,1328.32421875,1430.37,90308.52098397717,on,cross_fed,all2all,1,1,same_step,64,16,16,16
2,4,4,seq,,zmq,exchange_dummy,,local,1,300,2,scaling_F2_N4_M4_seq_zmq_local_xcross_fed_all2all_w1_f1_same_step,20260728_082851,1.7856614589691162,0.6303765773773193,0.07123780250549316,0.10083913803100586,300,0.00033550024032592775,0.00031638145446777344,0.00036025047302246094,,1327.8125,1497.96,95201.13110296725,on,cross_fed,all2all,1,1,same_step,64,16,16,16
2,4,8,seq,,zmq,exchange_dummy,,local,1,300,0,scaling_F2_N4_M8_seq_zmq_local_xcross_fed_all2all_w1_f1_same_step,20260728_082855,1.9449620246887207,0.6340668201446533,0.07450509071350098,0.19481921195983887,300,0.000648655891418457,0.0005955696105957031,0.0008311271667480469,,1335.03125,1725.6299999999999,98552.90865234582,on,cross_fed,all2all,1,1,same_step,128,32,32,32
2,4,8,seq,,zmq,exchange_dummy,,local,1,300,1,scaling_F2_N4_M8_seq_zmq_local_xcross_fed_all2all_w1_f1_same_step,20260728_082858,1.8393607139587402,0.6312272548675537,0.06615591049194336,0.28205299377441406,300,0.0009391554196675619,0.0010251998901367188,0.0012934207916259766,,1349.0234375,1844.33,68072.31415297849,on,cross_fed,all2all,1,1,same_step,128,32,32,32
2,4,8,seq,,zmq,exchange_dummy,,local,1,300,2,scaling_F2_N4_M8_seq_zmq_local_xcross_fed_all2all_w1_f1_same_step,20260728_082902,1.8259127140045166,0.6357684135437012,0.07156205177307129,0.2292954921722412,300,0.0007635037104288737,0.0008118152618408203,0.0009431838989257812,,1351.58203125,1624.28,83734.74688973573,on,cross_fed,all2all,1,1,same_step,128,32,32,32
2,4,16,seq,,zmq,exchange_dummy,,local,1,300,0,scaling_F2_N4_M16_seq_zmq_local_xcross_fed_all2all_w1_f1_same_step,20260728_082906,1.8146710395812988,0.631572961807251,0.0703437328338623,0.38655853271484375,300,0.0012876780827840168,0.0013566017150878906,0.0015070438385009766,,1355.3203125,1587.25,99338.12540706969,on,cross_fed,all2all,1,1,same_step,256,64,64,64
2,4,16,seq,,zmq,exchange_dummy,,local,1,300,1,scaling_F2_N4_M16_seq_zmq_local_xcross_fed_all2all_w1_f1_same_step,20260728_082910,1.8674342632293701,0.6337783336639404,0.07020783424377441,0.4182004928588867,300,0.0013930940628051759,0.0012693405151367188,0.0018115043640136719,,1349.11328125,1759.6599999999999,91821.98647708744,on,cross_fed,all2all,1,1,same_step,256,64,64,64
2,4,16,seq,,zmq,exchange_dummy,,local,1,300,2,scaling_F2_N4_M16_seq_zmq_local_xcross_fed_all2all_w1_f1_same_step,20260728_082913,1.8053386211395264,0.6311135292053223,0.07157707214355469,0.4362492561340332,300,0.001453236738840739,0.001138448715209961,0.002388477325439453,,1356.0,1601.2400000000002,88023.07272749134,on,cross_fed,all2all,1,1,same_step,256,64,64,64
2,4,32,seq,,zmq,exchange_dummy,,local,1,300,0,scaling_F2_N4_M32_seq_zmq_local_xcross_fed_all2all_w1_f1_same_step,20260728_082917,1.867300033569336,0.6326808929443359,0.07080650329589844,0.9587142467498779,300,0.003194692134857178,0.002974987030029297,0.004476308822631836,,1363.9375,1435.5461538461536,80107.28980022825,on,cross_fed,all2all,1,1,same_step,512,128,128,128
2,4,32,seq,,zmq,exchange_dummy,,local,1,300,1,scaling_F2_N4_M32_seq_zmq_local_xcross_fed_all2all_w1_f1_same_step,20260728_082922,1.8859024047851562,0.6315343379974365,0.07043075561523438,0.677159309387207,300,0.002256367206573486,0.002118706703186035,0.0026738643646240234,,1367.046875,1485.1153846153845,113414.96592507884,on,cross_fed,all2all,1,1,same_step,512,128,128,128
2,4,32,seq,,zmq,exchange_dummy,,local,1,300,2,scaling_F2_N4_M32_seq_zmq_local_xcross_fed_all2all_w1_f1_same_step,20260728_082927,1.8681259155273438,0.6352579593658447,0.07496929168701172,0.7472190856933594,300,0.002489737669626872,0.0022617578506469727,0.004578351974487305,,1359.6796875,1318.242857142857,102781.10057739727,on,cross_fed,all2all,1,1,same_step,512,128,128,128
2,4,64,seq,,zmq,exchange_dummy,,local,1,300,0,scaling_F2_N4_M64_seq_zmq_local_xcross_fed_all2all_w1_f1_same_step,20260728_082932,1.873382806777954,0.6311538219451904,0.0714716911315918,1.4714648723602295,300,0.004903849760691325,0.004758596420288086,0.0063283443450927734,,1395.9453125,1704.3,104385.77426155313,on,cross_fed,all2all,1,1,same_step,1024,256,256,256
2,4,64,seq,,zmq,exchange_dummy,,local,1,300,1,scaling_F2_N4_M64_seq_zmq_local_xcross_fed_all2all_w1_f1_same_step,20260728_082937,1.876091480255127,0.6309750080108643,0.07099103927612305,1.4260520935058594,300,0.0047524976730346676,0.004314064979553223,0.006438493728637695,,1399.33984375,1678.1307692307694,107709.9502181467,on,cross_fed,all2all,1,1,same_step,1024,256,256,256
2,4,64,seq,,zmq,exchange_dummy,,local,1,300,2,scaling_F2_N4_M64_seq_zmq_local_xcross_fed_all2all_w1_f1_same_step,20260728_082942,1.9082152843475342,0.6314880847930908,0.07141876220703125,1.3481011390686035,300,0.004492700099945068,0.004303932189941406,0.005648612976074219,,1397.37890625,1774.2307692307693,113938.03888195027,on,cross_fed,all2all,1,1,same_step,1024,256,256,256
2,2,4,seq,,zmq,exchange_dummy,,local,1,300,0,scaling_F2_N2_M4_seq_zmq_local_xcross_fed_all2all_w1_f1_same_step,20260728_082946,1.6470046043395996,0.6315329074859619,0.03748607635498047,0.10117340087890625,300,0.00033656915028889976,0.0003027915954589844,0.00042939186096191406,,778.70703125,1031.8,47443.299901968174,on,cross_fed,all2all,1,1,same_step,16,8,8,8
2,2,4,seq,,zmq,exchange_dummy,,local,1,300,1,scaling_F2_N2_M4_seq_zmq_local_xcross_fed_all2all_w1_f1_same_step,20260728_082950,1.609715461730957,0.6325035095214844,0.03714895248413086,0.10593938827514648,300,0.0003525249163309733,0.00029659271240234375,0.0005929470062255859,,785.546875,1118.3200000000002,45308.92690765221,on,cross_fed,all2all,1,1,same_step,16,8,8,8
2,2,4,seq,,zmq,exchange_dummy,,local,1,300,2,scaling_F2_N2_M4_seq_zmq_local_xcross_fed_all2all_w1_f1_same_step,20260728_082954,1.6417157649993896,0.6307492256164551,0.03730297088623047,0.0975031852722168,300,0.00032436132431030274,0.00030350685119628906,0.00034999847412109375,,780.89453125,1113.54,49229.1609407323,on,cross_fed,all2all,1,1,same_step,16,8,8,8
2,4,4,seq,,zmq,exchange_dummy,,local,1,300,0,scaling_F2_N4_M4_seq_zmq_local_xcross_fed_all2all_w1_f1_same_step,20260728_082957,1.8318617343902588,0.633690595626831,0.07130885124206543,0.1468064785003662,300,0.0004884839057922363,0.0005594491958618164,0.0006537437438964844,,1347.43359375,1686.9399999999998,65392.20951326104,on,cross_fed,all2all,1,1,same_step,64,16,16,16
2,4,4,seq,,zmq,exchange_dummy,,local,1,300,1,scaling_F2_N4_M4_seq_zmq_local_xcross_fed_all2all_w1_f1_same_step,20260728_083001,1.827012300491333,0.6326777935028076,0.07178664207458496,0.1425774097442627,300,0.00047446409861246744,0.0005395412445068359,0.0005793571472167969,,1347.328125,1547.4099999999999,67331.84462545128,on,cross_fed,all2all,1,1,same_step,64,16,16,16
2,4,4,seq,,zmq,exchange_dummy,,local,1,300,2,scaling_F2_N4_M4_seq_zmq_local_xcross_fed_all2all_w1_f1_same_step,20260728_083005,1.819688320159912,0.6326289176940918,0.07129240036010742,0.11350226402282715,300,0.0003776733080546061,0.00034999847412109375,0.000457763671875,,1328.390625,1526.54,84579.81065531242,on,cross_fed,all2all,1,1,same_step,64,16,16,16
2,8,4,seq,,zmq,exchange_dummy,,local,1,300,0,scaling_F2_N8_M4_seq_zmq_local_xcross_fed_all2all_w1_f1_same_step,20260728_083009,2.2125394344329834,0.6325457096099854,0.12569069862365723,0.4029884338378906,300,0.0013425358136494954,0.0013229846954345703,0.0014770030975341797,,2464.58984375,2451.0923076923073,47644.04729224449,on,cross_fed,all2all,1,1,same_step,256,32,32,32
2,8,4,seq,,zmq,exchange_dummy,,local,1,300,1,scaling_F2_N8_M4_seq_zmq_local_xcross_fed_all2all_w1_f1_same_step,20260728_083014,2.178487777709961,0.6322598457336426,0.14014482498168945,0.41142797470092773,300,0.0013704371452331542,0.0013443231582641602,0.0014331340789794922,,2458.8046875,2181.7,46666.73435115035,on,cross_fed,all2all,1,1,same_step,256,32,32,32
2,8,4,seq,,zmq,exchange_dummy,,local,1,300,2,scaling_F2_N8_M4_seq_zmq_local_xcross_fed_all2all_w1_f1_same_step,20260728_083018,2.148731231689453,0.6313791275024414,0.13999485969543457,0.39911365509033203,300,0.001329477628072103,0.0012840032577514648,0.0017242431640625,,2456.03125,2266.2384615384613,48106.59759474888,on,cross_fed,all2all,1,1,same_step,256,32,32,32
2,16,4,seq,,zmq,exchange_dummy,,local,1,300,0,scaling_F2_N16_M4_seq_zmq_local_xcross_fed_all2all_w1_f1_same_step,20260728_083023,2.757094144821167,0.6334187984466553,0.49440479278564453,1.551565170288086,300,0.005169292291005452,0.005112767219543457,0.00562286376953125,,4686.6640625,3185.016666666667,24749.20211883211,on,cross_fed,all2all,1,1,same_step,1024,64,64,64
2,16,4,seq,,zmq,exchange_dummy,,local,1,300,1,scaling_F2_N16_M4_seq_zmq_local_xcross_fed_all2all_w1_f1_same_step,20260728_083030,2.8909857273101807,0.6324481964111328,0.45332813262939453,1.6966793537139893,300,0.005653113524119059,0.005565643310546875,0.006504058837890625,,4684.69140625,3615.4470588235295,22632.44372953755,on,cross_fed,all2all,1,1,same_step,1024,64,64,64
2,16,4,seq,,zmq,exchange_dummy,,local,1,300,2,scaling_F2_N16_M4_seq_zmq_local_xcross_fed_all2all_w1_f1_same_step,20260728_083036,2.8468847274780273,0.6335256099700928,0.5371687412261963,1.7825939655303955,300,0.005939946174621582,0.0056095123291015625,0.007663726806640625,,4685.96484375,3359.383333333333,21541.64141836664,on,cross_fed,all2all,1,1,same_step,1024,64,64,64
2,32,4,seq,,zmq,exchange_dummy,,local,1,300,0,scaling_F2_N32_M4_seq_zmq_local_xcross_fed_all2all_w1_f1_same_step,20260728_083043,4.140085935592651,0.7456464767456055,1.23018479347229,6.2397754192352295,300,0.020796318848927815,0.020461678504943848,0.022405624389648438,,9288.53125,3292.5189189189186,12308.135283723544,on,cross_fed,all2all,1,1,same_step,4096,128,128,128
2,32,4,seq,,zmq,exchange_dummy,,local,1,300,1,scaling_F2_N32_M4_seq_zmq_local_xcross_fed_all2all_w1_f1_same_step,20260728_083057,4.375494003295898,1.146559715270996,1.1171071529388428,6.919363021850586,300,0.02306178092956543,0.0228726863861084,0.024645566940307617,,9249.32421875,3535.8526315789472,11099.287572782938,on,cross_fed,all2all,1,1,same_step,4096,128,128,128
2,32,4,seq,,zmq,exchange_dummy,,local,1,300,2,scaling_F2_N32_M4_seq_zmq_local_xcross_fed_all2all_w1_f1_same_step,20260728_083111,4.264709711074829,0.9712481498718262,1.2557692527770996,7.066408634185791,300,0.0235519282023112,0.022817254066467285,0.028255701065063477,,9246.3515625,3429.1236842105263,10868.321374518004,on,cross_fed,all2all,1,1,same_step,4096,128,128,128
2,4,4,seq,,zmq,exchange_dummy,,local,1,300,0,scaling_F2_N4_M4_seq_zmq_local_xcross_fed_Nto1_w1_f1_same_step,20260728_083125,1.879976749420166,0.6318299770355225,0.06725358963012695,0.10158252716064453,300,0.00033796310424804687,0.00031125545501708984,0.0003840923309326172,,1344.67578125,1749.19,94504.44154454219,on,cross_fed,Nto1,1,1,same_step,16,4,16,4
2,4,4,seq,,zmq,exchange_dummy,,local,1,300,1,scaling_F2_N4_M4_seq_zmq_local_xcross_fed_Nto1_w1_f1_same_step,20260728_083128,1.7979145050048828,0.6326746940612793,0.06726336479187012,0.10556459426879883,300,0.0003511977195739746,0.00032341480255126953,0.00044226646423339844,,1327.8984375,1503.52,90939.58127244393,on,cross_fed,Nto1,1,1,same_step,16,4,16,4
2,4,4,seq,,zmq,exchange_dummy,,local,1,300,2,scaling_F2_N4_M4_seq_zmq_local_xcross_fed_Nto1_w1_f1_same_step,20260728_083132,1.8475196361541748,0.6316735744476318,0.07071542739868164,0.10269403457641602,300,0.00034166892369588215,0.0003066062927246094,0.0004093647003173828,,1321.81640625,1748.05,93481.5740719244,on,cross_fed,Nto1,1,1,same_step,16,4,16,4
2,4,4,seq,,zmq,exchange_dummy,,local,1,300,0,scaling_F2_N4_M4_seq_zmq_local_xcross_fed_1toN_w1_f1_same_step,20260728_083136,1.819324254989624,0.6314306259155273,0.07179760932922363,0.18115806579589844,300,0.0006027499834696452,0.0005573034286499023,0.0008573532104492188,,1328.05078125,1420.85,52992.39621389991,on,cross_fed,1toN,1,1,same_step,16,16,4,16
2,4,4,seq,,zmq,exchange_dummy,,local,1,300,1,scaling_F2_N4_M4_seq_zmq_local_xcross_fed_1toN_w1_f1_same_step,20260728_083139,1.8306715488433838,0.6336865425109863,0.07438492774963379,0.12213420867919922,300,0.0004062811533610026,0.00030803680419921875,0.0006768703460693359,,1344.16796875,1274.909090909091,78602.05673592728,on,cross_fed,1toN,1,1,same_step,16,16,4,16
2,4,4,seq,,zmq,exchange_dummy,,local,1,300,2,scaling_F2_N4_M4_seq_zmq_local_xcross_fed_1toN_w1_f1_same_step,20260728_083144,1.8142540454864502,0.6322007179260254,0.07077693939208984,0.10488271713256836,300,0.0003488612174987793,0.0003052949905395508,0.0004901885986328125,,1328.0078125,1409.83,91530.80948375804,on,cross_fed,1toN,1,1,same_step,16,16,4,16
2,4,4,seq,,zmq,exchange_dummy,,local,1,300,0,scaling_F2_N4_M4_seq_zmq_local_xcross_fed_1to1_w1_f1_same_step,20260728_083147,1.8306457996368408,0.6314177513122559,0.06636166572570801,0.11148285865783691,300,0.0003709046045939128,0.00029528141021728516,0.0006000995635986328,,1327.55859375,1602.22,86111.89303518231,on,cross_fed,1to1,1,1,same_step,16,16,4,4
2,4,4,seq,,zmq,exchange_dummy,,local,1,300,1,scaling_F2_N4_M4_seq_zmq_local_xcross_fed_1to1_w1_f1_same_step,20260728_083151,1.866136074066162,0.6347963809967041,0.07556629180908203,0.09754514694213867,300,0.00032454649607340495,0.0002994537353515625,0.0004239082336425781,,1345.96484375,1491.2636363636361,98415.96738476881,on,cross_fed,1to1,1,1,same_step,16,16,4,4
2,4,4,seq,,zmq,exchange_dummy,,local,1,300,2,scaling_F2_N4_M4_seq_zmq_local_xcross_fed_1to1_w1_f1_same_step,20260728_083155,1.818164587020874,0.6323080062866211,0.06472301483154297,0.10479354858398438,300,0.0003486331303914388,0.0002955198287963867,0.0005905628204345703,,1326.953125,1462.1,91608.69280331986,on,cross_fed,1to1,1,1,same_step,16,16,4,4
2,4,16,seq,,zmq,exchange_dummy,,local,1,300,0,scaling_F2_N4_M16_seq_zmq_local_xcross_fed_Nto1_w1_f1_same_step,20260728_083159,1.8706021308898926,0.6340608596801758,0.07132530212402344,0.4007554054260254,300,0.001334982713063558,0.0011055469512939453,0.0023107528686523438,,1357.14453125,1679.0099999999998,95819.04443479347,on,cross_fed,Nto1,1,1,same_step,64,16,64,16
2,4,16,seq,,zmq,exchange_dummy,,local,1,300,1,scaling_F2_N4_M16_seq_zmq_local_xcross_fed_Nto1_w1_f1_same_step,20260728_083203,1.7968268394470215,0.633873701095581,0.06525874137878418,0.3364255428314209,300,0.0011206332842508952,0.0010809898376464844,0.001277923583984375,,1355.44921875,1527.96,114141.1549099939,on,cross_fed,Nto1,1,1,same_step,64,16,64,16
2,4,16,seq,,zmq,exchange_dummy,,local,1,300,2,scaling_F2_N4_M16_seq_zmq_local_xcross_fed_Nto1_w1_f1_same_step,20260728_083206,1.8062655925750732,0.6313459873199463,0.07156825065612793,0.3503904342651367,300,0.0011671614646911622,0.0010993480682373047,0.0013506412506103516,,1346.46484375,1464.5900000000001,109592.03290048474,on,cross_fed,Nto1,1,1,same_step,64,16,64,16
2,4,16,seq,,zmq,exchange_dummy,,local,1,300,0,scaling_F2_N4_M16_seq_zmq_local_xcross_fed_1toN_w1_f1_same_step,20260728_083210,1.8766353130340576,0.6349923610687256,0.07067394256591797,0.32311058044433594,300,0.0010762794812520344,0.0010275840759277344,0.001251220703125,,1350.51953125,1737.3600000000001,118844.76189913992,on,cross_fed,1toN,1,1,same_step,64,64,16,64
2,4,16,seq,,zmq,exchange_dummy,,local,1,300,1,scaling_F2_N4_M16_seq_zmq_local_xcross_fed_1toN_w1_f1_same_step,20260728_083214,1.8024053573608398,0.6325607299804688,0.06534409523010254,0.3653249740600586,300,0.0012169726689656576,0.001058340072631836,0.0019898414611816406,,1327.87890625,1532.3600000000001,105111.89413972867,on,cross_fed,1toN,1,1,same_step,64,64,16,64
2,4,16,seq,,zmq,exchange_dummy,,local,1,300,2,scaling_F2_N4_M16_seq_zmq_local_xcross_fed_1toN_w1_f1_same_step,20260728_083218,1.8587570190429688,0.6336314678192139,0.07005476951599121,0.39087629318237305,300,0.0013020745913187664,0.0010638236999511719,0.002191781997680664,,1350.78125,1721.08,98240.80065680403,on,cross_fed,1toN,1,1,same_step,64,64,16,64
2,4,16,seq,,zmq,exchange_dummy,,local,1,300,0,scaling_F2_N4_M16_seq_zmq_local_xcross_fed_1to1_w1_f1_same_step,20260728_083221,1.8715925216674805,0.6351993083953857,0.07184433937072754,0.36283111572265625,300,0.001208646297454834,0.001043558120727539,0.0019397735595703125,,1351.125,1733.1299999999999,105834.36297495637,on,cross_fed,1to1,1,1,same_step,64,64,16,16
2,4,16,seq,,zmq,exchange_dummy,,local,1,300,1,scaling_F2_N4_M16_seq_zmq_local_xcross_fed_1to1_w1_f1_same_step,20260728_083225,1.827810525894165,0.6346800327301025,0.06542062759399414,0.3655087947845459,300,0.0012175504366556803,0.0010874271392822266,0.001947641372680664,,1345.83203125,1558.2800000000002,105059.03154159505,on,cross_fed,1to1,1,1,same_step,64,64,16,16
2,4,16,seq,,zmq,exchange_dummy,,local,1,300,2,scaling_F2_N4_M16_seq_zmq_local_xcross_fed_1to1_w1_f1_same_step,20260728_083229,1.826728105545044,0.6314232349395752,0.07217717170715332,0.4682652950286865,300,0.0015598042805989583,0.0012084245681762695,0.002366304397583008,,1352.06640625,1794.3,82004.79601557397,on,cross_fed,1to1,1,1,same_step,64,64,16,16
2,16,4,seq,,zmq,exchange_dummy,,local,1,300,0,scaling_F2_N16_M4_seq_zmq_local_xcross_fed_Nto1_w1_f1_same_step,20260728_083233,2.775653123855591,0.6330864429473877,0.3080010414123535,0.14338970184326172,300,0.0004772178332010905,0.00036716461181640625,0.0008556842803955078,,4646.15234375,3527.4785714285717,267801.6587409797,on,cross_fed,Nto1,1,1,same_step,64,4,64,4
2,16,4,seq,,zmq,exchange_dummy,,local,1,300,1,scaling_F2_N16_M4_seq_zmq_local_xcross_fed_Nto1_w1_f1_same_step,20260728_083238,2.8803763389587402,0.633307933807373,0.5293416976928711,0.12705755233764648,300,0.00042278448740641275,0.00039887428283691406,0.0005505084991455078,,4633.4453125,3357.04,302225.2459102526,on,cross_fed,Nto1,1,1,same_step,64,4,64,4
2,16,4,seq,,zmq,exchange_dummy,,local,1,300,2,scaling_F2_N16_M4_seq_zmq_local_xcross_fed_Nto1_w1_f1_same_step,20260728_083243,2.856199026107788,0.6348071098327637,0.5638720989227295,0.12466597557067871,300,0.0004148403803507487,0.00040471553802490234,0.0004630088806152344,,4646.8359375,3204.6266666666666,308023.0979159933,on,cross_fed,Nto1,1,1,same_step,64,4,64,4
2,16,4,seq,,zmq,exchange_dummy,,local,1,300,0,scaling_F2_N16_M4_seq_zmq_local_xcross_fed_1toN_w1_f1_same_step,20260728_083249,2.9292564392089844,0.6330208778381348,0.6049160957336426,0.18478918075561523,300,0.0006148250897725423,0.0006545782089233398,0.0007338523864746094,,4686.7578125,3520.0133333333333,207804.3738436409,on,cross_fed,1toN,1,1,same_step,64,64,4,64
2,16,4,seq,,zmq,exchange_dummy,,local,1,300,1,scaling_F2_N16_M4_seq_zmq_local_xcross_fed_1toN_w1_f1_same_step,20260728_083255,2.835371494293213,0.6358814239501953,0.33963608741760254,0.1605846881866455,300,0.0005341974894205729,0.0006482601165771484,0.0008318424224853516,,4663.19921875,3546.2999999999997,239126.1609909419,on,cross_fed,1toN,1,1,same_step,64,64,4,64
2,16,4,seq,,zmq,exchange_dummy,,local,1,300,2,scaling_F2_N16_M4_seq_zmq_local_xcross_fed_1toN_w1_f1_same_step,20260728_083300,2.85575532913208,0.6325235366821289,0.48493242263793945,0.14237451553344727,300,0.0004737218221028646,0.000517725944519043,0.000576019287109375,,4696.08984375,3453.520000000001,269711.18992836116,on,cross_fed,1toN,1,1,same_step,64,64,4,64
2,16,4,seq,,zmq,exchange_dummy,,local,1,300,0,scaling_F2_N16_M4_seq_zmq_local_xcross_fed_1to1_w1_f1_same_step,20260728_083305,2.848383903503418,0.6323838233947754,0.4761936664581299,0.1554718017578125,300,0.0005173937479654948,0.0005660057067871094,0.0005958080291748047,,4697.04296875,3483.86,246990.12660712533,on,cross_fed,1to1,1,1,same_step,64,64,4,4
2,16,4,seq,,zmq,exchange_dummy,,local,1,300,1,scaling_F2_N16_M4_seq_zmq_local_xcross_fed_1to1_w1_f1_same_step,20260728_083311,2.8419270515441895,0.633840799331665,0.3090634346008301,0.1570432186126709,300,0.0005225618680318197,0.0004924535751342773,0.0006220340728759766,,4686.3203125,3683.0,244518.67670076987,on,cross_fed,1to1,1,1,same_step,64,64,4,4
2,16,4,seq,,zmq,exchange_dummy,,local,1,300,2,scaling_F2_N16_M4_seq_zmq_local_xcross_fed_1to1_w1_f1_same_step,20260728_083316,2.730198383331299,0.6328334808349609,0.5370266437530518,0.15953660011291504,300,0.00053084929784139,0.0005192756652832031,0.0007164478302001953,,4684.69140625,3138.807142857143,240697.1188606356,on,cross_fed,1to1,1,1,same_step,64,64,4,4
2,16,16,seq,,zmq,exchange_dummy,,local,1,300,0,scaling_F2_N16_M16_seq_zmq_local_xcross_fed_Nto1_w1_f1_same_step,20260728_083321,2.8374574184417725,0.6361570358276367,0.5151500701904297,0.40518641471862793,300,0.0013497487703959148,0.0013076066970825195,0.0014846324920654297,,4722.640625,3425.353333333333,379084.7728857441,on,cross_fed,Nto1,1,1,same_step,256,16,256,16
2,16,16,seq,,zmq,exchange_dummy,,local,1,300,1,scaling_F2_N16_M16_seq_zmq_local_xcross_fed_Nto1_w1_f1_same_step,20260728_083327,2.7969868183135986,0.6330034732818604,0.42327237129211426,0.601609468460083,300,0.0020041735967000324,0.001545548439025879,0.0032889842987060547,,4727.55859375,3428.5266666666666,255315.1305832405,on,cross_fed,Nto1,1,1,same_step,256,16,256,16
2,16,16,seq,,zmq,exchange_dummy,,local,1,300,2,scaling_F2_N16_M16_seq_zmq_local_xcross_fed_Nto1_w1_f1_same_step,20260728_083333,2.7409145832061768,0.6330499649047852,0.3064875602722168,0.5666177272796631,300,0.0018876870473225912,0.0014820098876953125,0.0031425952911376953,,4693.19921875,3211.721428571429,271082.235173677,on,cross_fed,Nto1,1,1,same_step,256,16,256,16
2,16,16,seq,,zmq,exchange_dummy,,local,1,300,0,scaling_F2_N16_M16_seq_zmq_local_xcross_fed_1toN_w1_f1_same_step,20260728_083338,2.804534435272217,0.633659839630127,0.47200560569763184,0.5445168018341064,300,0.00181396484375,0.001659393310546875,0.0023796558380126953,,4707.015625,3413.4214285714274,282084.9595138775,on,cross_fed,1toN,1,1,same_step,256,256,16,256
2,16,16,seq,,zmq,exchange_dummy,,local,1,300,1,scaling_F2_N16_M16_seq_zmq_local_xcross_fed_1toN_w1_f1_same_step,20260728_083343,2.793689727783203,0.6336550712585449,0.5077040195465088,0.47692298889160156,300,0.001588716506958008,0.0013451576232910156,0.002446413040161133,,4707.640625,3370.5333333333333,322064.57557639625,on,cross_fed,1toN,1,1,same_step,256,256,16,256
2,16,16,seq,,zmq,exchange_dummy,,local,1,300,2,scaling_F2_N16_M16_seq_zmq_local_xcross_fed_1toN_w1_f1_same_step,20260728_083349,2.832658290863037,0.6322915554046631,0.5213255882263184,0.47952723503112793,300,0.0015974505742390951,0.001312255859375,0.002173185348510742,,4711.01171875,3244.6933333333336,320315.48737795727,on,cross_fed,1toN,1,1,same_step,256,256,16,256
2,16,16,seq,,zmq,exchange_dummy,,local,1,300,0,scaling_F2_N16_M16_seq_zmq_local_xcross_fed_1to1_w1_f1_same_step,20260728_083354,2.7745769023895264,0.6315121650695801,0.34928393363952637,0.47960329055786133,300,0.0015976913770039875,0.001756906509399414,0.0019028186798095703,,4708.89453125,3785.957142857143,320264.69172331307,on,cross_fed,1to1,1,1,same_step,256,256,16,16
2,16,16,seq,,zmq,exchange_dummy,,local,1,300,1,scaling_F2_N16_M16_seq_zmq_local_xcross_fed_1to1_w1_f1_same_step,20260728_083400,2.7876224517822266,0.6320726871490479,0.4382922649383545,0.47508955001831055,300,0.0015825668970743815,0.0013554096221923828,0.002443075180053711,,4711.0,3374.913333333333,323307.4690741568,on,cross_fed,1to1,1,1,same_step,256,256,16,16
2,16,16,seq,,zmq,exchange_dummy,,local,1,300,2,scaling_F2_N16_M16_seq_zmq_local_xcross_fed_1to1_w1_f1_same_step,20260728_083405,2.8342385292053223,0.6360995769500732,0.47704267501831055,0.474445104598999,300,0.001580509344736735,0.001221776008605957,0.0025038719177246094,,4710.94921875,3573.114285714285,323746.6221299147,on,cross_fed,1to1,1,1,same_step,256,256,16,16
2,4,4,seq,,zmq,exchange_dummy,,local,1,300,0,scaling_F2_N4_M4_seq_zmq_local_xcross_fed_all2all_w16_f1_same_step,20260728_083410,1.828556776046753,0.6314883232116699,0.06806659698486328,0.11890172958374023,300,0.0003956405321756999,0.0003439188003540039,0.0004799365997314453,,1342.953125,1608.95,80738.943273646,on,cross_fed,all2all,16,1,same_step,64,16,16,16
2,4,4,seq,,zmq,exchange_dummy,,local,1,300,1,scaling_F2_N4_M4_seq_zmq_local_xcross_fed_all2all_w16_f1_same_step,20260728_083414,1.8455891609191895,0.6355602741241455,0.07130241394042969,0.13034582138061523,300,0.00043367862701416016,0.00045013427734375,0.0005075931549072266,,1351.37890625,1655.6799999999998,73650.23211574693,on,cross_fed,all2all,16,1,same_step,64,16,16,16
2,4,4,seq,,zmq,exchange_dummy,,local,1,300,2,scaling_F2_N4_M4_seq_zmq_local_xcross_fed_all2all_w16_f1_same_step,20260728_083418,1.7880401611328125,0.6309292316436768,0.06998181343078613,0.18920207023620605,300,0.000629578431447347,0.0006015300750732422,0.0007410049438476562,,1341.66015625,1433.75,50739.402523529716,on,cross_fed,all2all,16,1,same_step,64,16,16,16
2,4,4,seq,,zmq,exchange_dummy,,local,1,300,0,scaling_F2_N4_M4_seq_zmq_local_xcross_fed_all2all_w64_f1_same_step,20260728_083422,1.8224165439605713,0.6323256492614746,0.07131814956665039,0.14628982543945312,300,0.00048676172892252607,0.0005136728286743164,0.0005662441253662109,,1355.2109375,1654.23,65623.15575373542,on,cross_fed,all2all,64,1,same_step,64,16,16,16
2,4,4,seq,,zmq,exchange_dummy,,local,1,300,1,scaling_F2_N4_M4_seq_zmq_local_xcross_fed_all2all_w64_f1_same_step,20260728_083425,1.9196276664733887,0.6344616413116455,0.0715491771697998,0.14568161964416504,300,0.0004848019282023112,0.000492095947265625,0.0005905628204345703,,1348.98046875,1876.3799999999999,65897.12568715602,on,cross_fed,all2all,64,1,same_step,64,16,16,16
2,4,4,seq,,zmq,exchange_dummy,,local,1,300,2,scaling_F2_N4_M4_seq_zmq_local_xcross_fed_all2all_w64_f1_same_step,20260728_083429,1.835603952407837,0.631720781326294,0.06862974166870117,0.15949225425720215,300,0.0005307443936665853,0.0006014108657836914,0.0006895065307617188,,1351.87890625,1720.65,60191.01080933211,on,cross_fed,all2all,64,1,same_step,64,16,16,16
2,4,4,seq,,zmq,exchange_dummy,,local,1,300,0,scaling_F2_N4_M4_seq_zmq_local_xcross_fed_all2all_w256_f1_same_step,20260728_083433,1.8156852722167969,0.632178783416748,0.059012651443481445,0.16094589233398438,300,0.0005357718467712402,0.0005261898040771484,0.0006029605865478516,,1381.9609375,1681.83,59647.37503258989,on,cross_fed,all2all,256,1,same_step,64,16,16,16
2,4,4,seq,,zmq,exchange_dummy,,local,1,300,1,scaling_F2_N4_M4_seq_zmq_local_xcross_fed_all2all_w256_f1_same_step,20260728_083437,1.8346047401428223,0.6325657367706299,0.07121133804321289,0.19934606552124023,300,0.0006635737419128418,0.0005462169647216797,0.0008828639984130859,,1389.31640625,1939.22,48157.45911462258,on,cross_fed,all2all,256,1,same_step,64,16,16,16
2,4,4,seq,,zmq,exchange_dummy,,local,1,300,2,scaling_F2_N4_M4_seq_zmq_local_xcross_fed_all2all_w256_f1_same_step,20260728_083440,1.8891959190368652,0.6316349506378174,0.07120013236999512,0.2326669692993164,300,0.0007745496431986491,0.0007969141006469727,0.0009570121765136719,,1369.7890625,1962.0900000000001,41260.6913173395,on,cross_fed,all2all,256,1,same_step,64,16,16,16
2,4,4,seq,,zmq,exchange_dummy,,local,1,300,0,scaling_F2_N4_M4_seq_zmq_local_xcross_fed_all2all_w1024_f1_same_step,20260728_083444,1.8139760494232178,0.6311459541320801,0.07011890411376953,0.47828078269958496,300,0.0015931232770284016,0.0014458894729614258,0.0026085376739501953,,1480.95703125,1747.8400000000001,20071.891548337408,on,cross_fed,all2all,1024,1,same_step,64,16,16,16
2,4,4,seq,,zmq,exchange_dummy,,local,1,300,1,scaling_F2_N4_M4_seq_zmq_local_xcross_fed_all2all_w1024_f1_same_step,20260728_083448,1.786600112915039,0.6309723854064941,0.07098126411437988,0.4609794616699219,300,0.0015357247988382976,0.0016254186630249023,0.0020830631256103516,,1474.28125,1572.4900000000002,20825.222809761424,on,cross_fed,all2all,1024,1,same_step,64,16,16,16
2,4,4,seq,,zmq,exchange_dummy,,local,1,300,2,scaling_F2_N4_M4_seq_zmq_local_xcross_fed_all2all_w1024_f1_same_step,20260728_083451,1.8449985980987549,0.6322495937347412,0.07171010971069336,0.45815610885620117,300,0.001526314417521159,0.0014216899871826172,0.0022153854370117188,,1431.75,1796.3899999999999,20953.55669046224,on,cross_fed,all2all,1024,1,same_step,64,16,16,16
2,4,4,seq,,zmq,exchange_dummy,,local,1,300,0,scaling_F2_N4_M4_seq_zmq_local_xcross_fed_all2all_w4096_f1_same_step,20260728_083455,1.8453001976013184,0.6295304298400879,0.07199835777282715,1.0570647716522217,300,0.0035224405924479166,0.0034546852111816406,0.0036783218383789062,,1723.76953125,1599.746153846154,9081.75190153668,on,cross_fed,all2all,4096,1,same_step,64,16,16,16
2,4,4,seq,,zmq,exchange_dummy,,local,1,300,1,scaling_F2_N4_M4_seq_zmq_local_xcross_fed_all2all_w4096_f1_same_step,20260728_083500,1.9114511013031006,0.6353228092193604,0.07187008857727051,1.1224238872528076,300,0.003740248680114746,0.0033599138259887695,0.004457235336303711,,1702.2734375,1642.7615384615385,8552.91847315947,on,cross_fed,all2all,4096,1,same_step,64,16,16,16
2,4,4,seq,,zmq,exchange_dummy,,local,1,300,2,scaling_F2_N4_M4_seq_zmq_local_xcross_fed_all2all_w4096_f1_same_step,20260728_083505,1.874605655670166,0.6300227642059326,0.07026195526123047,1.122645378112793,300,0.0037408884366353355,0.003453493118286133,0.004443168640136719,,1746.125,1721.7846153846153,8551.231036231533,on,cross_fed,all2all,4096,1,same_step,64,16,16,16
2,4,4,seq,,zmq,exchange_dummy,,local,1,300,0,scaling_F2_N4_M4_seq_zmq_local_xcross_fed_all2all_w1_f2_same_step,20260728_083509,1.9570417404174805,0.635469913482666,0.07179522514343262,0.0838921070098877,300,0.00027899424235026043,0.0002880096435546875,0.0004525184631347656,,1339.27734375,1816.3200000000002,114432.69625911916,on,cross_fed,all2all,1,2,same_step,64,16,16,16
2,4,4,seq,,zmq,exchange_dummy,,local,1,300,1,scaling_F2_N4_M4_seq_zmq_local_xcross_fed_all2all_w1_f2_same_step,20260728_083513,1.8630387783050537,0.6324059963226318,0.06984972953796387,0.08967757225036621,300,0.0002982608477274577,0.0002727508544921875,0.00047969818115234375,,1345.328125,1712.64,107050.17719701702,on,cross_fed,all2all,1,2,same_step,64,16,16,16
2,4,4,seq,,zmq,exchange_dummy,,local,1,300,2,scaling_F2_N4_M4_seq_zmq_local_xcross_fed_all2all_w1_f2_same_step,20260728_083517,1.8524928092956543,0.6320664882659912,0.07123875617980957,0.08856678009033203,300,0.0002945582071940104,0.000293731689453125,0.0004894733428955078,,1348.03515625,1911.3,108392.7855366161,on,cross_fed,all2all,1,2,same_step,64,16,16,16
2,4,4,seq,,zmq,exchange_dummy,,local,1,300,0,scaling_F2_N4_M4_seq_zmq_local_xcross_fed_all2all_w1_f5_same_step,20260728_083520,1.8475699424743652,0.6321868896484375,0.07071733474731445,0.06545758247375488,300,0.00021755536397298177,0.00016319751739501953,0.0005118846893310547,,1327.3515625,1652.58,146659.8618097316,on,cross_fed,all2all,1,5,same_step,64,16,16,16
2,4,4,seq,,zmq,exchange_dummy,,local,1,300,1,scaling_F2_N4_M4_seq_zmq_local_xcross_fed_all2all_w1_f5_same_step,20260728_083524,1.845625400543213,0.6349024772644043,0.0682680606842041,0.06653141975402832,300,0.0002210537592569987,0.0001468658447265625,0.0006358623504638672,,1323.1328125,1409.63,144292.72718802522,on,cross_fed,all2all,1,5,same_step,64,16,16,16
2,4,4,seq,,zmq,exchange_dummy,,local,1,300,2,scaling_F2_N4_M4_seq_zmq_local_xcross_fed_all2all_w1_f5_same_step,20260728_083528,1.8042855262756348,0.6319944858551025,0.0665595531463623,0.06951785087585449,300,0.0002310641606648763,0.000171661376953125,0.0005717277526855469,,1329.3515625,1545.29,138094.0273476485,on,cross_fed,all2all,1,5,same_step,64,16,16,16
2,4,4,seq,,zmq,exchange_dummy,,local,1,300,0,scaling_F2_N4_M4_seq_zmq_local_xcross_fed_all2all_w1_f10_same_step,20260728_083532,1.875988483428955,0.6328575611114502,0.07419228553771973,0.047430992126464844,300,0.00015754461288452148,0.00012230873107910156,0.0003402233123779297,,1342.12109375,1325.1454545454546,202399.3083341711,on,cross_fed,all2all,1,10,same_step,64,16,16,16
2,4,4,seq,,zmq,exchange_dummy,,local,1,300,1,scaling_F2_N4_M4_seq_zmq_local_xcross_fed_all2all_w1_f10_same_step,20260728_083536,1.7805233001708984,0.6316759586334229,0.0701603889465332,0.0457460880279541,300,0.0001519171396891276,0.0001138448715209961,0.00032806396484375,,1329.015625,1445.8200000000002,209854.00968348855,on,cross_fed,all2all,1,10,same_step,64,16,16,16
2,4,4,seq,,zmq,exchange_dummy,,local,1,300,2,scaling_F2_N4_M4_seq_zmq_local_xcross_fed_all2all_w1_f10_same_step,20260728_083539,1.7568254470825195,0.6283495426177979,0.06195330619812012,0.04725170135498047,300,0.00015691995620727538,0.00011897087097167969,0.0003497600555419922,,1326.71875,1548.1100000000001,203167.28762589057,on,cross_fed,all2all,1,10,same_step,64,16,16,16
2,4,4,seq,,zmq,exchange_dummy,,local,1,300,0,scaling_F2_N4_M4_seq_zmq_local_xcross_fed_all2all_w1_f30_same_step,20260728_083543,1.8124136924743652,0.6339688301086426,0.06991291046142578,0.05219268798828125,300,0.00017324606577555338,0.000125885009765625,0.00037169456481933594,,1326.17578125,1591.16,183933.8108463675,on,cross_fed,all2all,1,30,same_step,64,16,16,16
2,4,4,seq,,zmq,exchange_dummy,,local,1,300,1,scaling_F2_N4_M4_seq_zmq_local_xcross_fed_all2all_w1_f30_same_step,20260728_083547,1.9293761253356934,0.6325886249542236,0.06594538688659668,0.04957008361816406,300,0.0001645525296529134,0.00014221668243408203,0.00017571449279785156,,1341.02734375,1737.86,193665.1968140367,on,cross_fed,all2all,1,30,same_step,64,16,16,16
2,4,4,seq,,zmq,exchange_dummy,,local,1,300,2,scaling_F2_N4_M4_seq_zmq_local_xcross_fed_all2all_w1_f30_same_step,20260728_083551,1.8645927906036377,0.6322975158691406,0.07046198844909668,0.05017256736755371,300,0.00016657908757527668,0.00012409687042236328,0.0002434253692626953,,1336.93359375,1799.3200000000002,191339.62050760552,on,cross_fed,all2all,1,30,same_step,64,16,16,16
2,4,4,seq,,zmq,exchange_dummy,,local,1,300,0,scaling_F2_N4_M4_seq_zmq_local_xcross_fed_all2all_w1_f1_next_step,20260728_083554,1.8056042194366455,0.6310389041900635,0.0695343017578125,0.15436482429504395,300,0.0005136171976725261,0.0005763769149780273,0.0006325244903564453,,1343.96484375,1505.9100000000003,62190.334124639165,on,cross_fed,all2all,1,1,next_step,64,16,16,16
2,4,4,seq,,zmq,exchange_dummy,,local,1,300,1,scaling_F2_N4_M4_seq_zmq_local_xcross_fed_all2all_w1_f1_next_step,20260728_083558,1.9634506702423096,0.7325906753540039,0.07063937187194824,0.14449334144592285,300,0.00048078695933024087,0.0003854036331176758,0.0006630420684814453,,1334.9140625,1623.190909090909,66439.04766776283,on,cross_fed,all2all,1,1,next_step,64,16,16,16
2,4,4,seq,,zmq,exchange_dummy,,local,1,300,2,scaling_F2_N4_M4_seq_zmq_local_xcross_fed_all2all_w1_f1_next_step,20260728_083602,1.8199987411499023,0.6315209865570068,0.07130599021911621,0.12968802452087402,300,0.00043146371841430665,0.00045228004455566406,0.0005145072937011719,,1344.34375,1492.04,74023.79699642063,on,cross_fed,all2all,1,1,next_step,64,16,16,16
2,4,32,seq,,zmq,exchange_dummy,,local,1,300,0,scaling_F2_N4_M32_seq_zmq_local_xcross_fed_all2all_w1_f1_next_step,20260728_083606,1.8410000801086426,0.6346192359924316,0.06720995903015137,0.7457213401794434,300,0.002484890619913737,0.0025697946548461914,0.0029001235961914062,,1370.41796875,1475.5692307692307,102987.5314839717,on,cross_fed,all2all,1,1,next_step,512,128,128,128
2,4,32,seq,,zmq,exchange_dummy,,local,1,300,1,scaling_F2_N4_M32_seq_zmq_local_xcross_fed_all2all_w1_f1_next_step,20260728_083611,1.9561336040496826,0.6341509819030762,0.06714296340942383,0.7485859394073486,300,0.002494335174560547,0.0022236108779907227,0.004248619079589844,,1366.69140625,1510.4846153846154,102593.43110398538,on,cross_fed,all2all,1,1,next_step,512,128,128,128
2,4,32,seq,,zmq,exchange_dummy,,local,1,300,2,scaling_F2_N4_M32_seq_zmq_local_xcross_fed_all2all_w1_f1_next_step,20260728_083615,1.8536202907562256,0.6362087726593018,0.07530426979064941,0.7584781646728516,300,0.0025273863474527996,0.002228260040283203,0.004091501235961914,,1362.703125,1385.3,101255.3868747501,on,cross_fed,all2all,1,1,next_step,512,128,128,128
2,4,1,seq,,zmq,exchange_dummy,,local,1,300,0,scaling_F2_N4_M1_seq_zmq_local_xintra_fed_all2all_w1_f1_same_step,20260728_083620,1.8891417980194092,0.6310086250305176,0.07035541534423828,0.03854775428771973,300,0.00012793699900309245,0.00010287761688232422,0.00016808509826660156,,1340.01953125,1827.6200000000001,62260.43629121542,on,intra_fed,all2all,1,1,same_step,8,4,2,2
2,4,1,seq,,zmq,exchange_dummy,,local,1,300,1,scaling_F2_N4_M1_seq_zmq_local_xintra_fed_all2all_w1_f1_same_step,20260728_083624,1.878053903579712,0.631819486618042,0.0709385871887207,0.03707528114318848,300,0.00012302478154500325,0.00010776519775390625,0.00015234947204589844,,1341.6015625,1704.14,64733.15713321115,on,intra_fed,all2all,1,1,same_step,8,4,2,2
2,4,1,seq,,zmq,exchange_dummy,,local,1,300,2,scaling_F2_N4_M1_seq_zmq_local_xintra_fed_all2all_w1_f1_same_step,20260728_083628,1.8672330379486084,0.6327018737792969,0.0709233283996582,0.042755842208862305,300,0.00014189481735229492,0.00010061264038085938,0.0002086162567138672,,1338.828125,1844.19,56132.67979323151,on,intra_fed,all2all,1,1,same_step,8,4,2,2
2,4,2,seq,,zmq,exchange_dummy,,local,1,300,0,scaling_F2_N4_M2_seq_zmq_local_xintra_fed_all2all_w1_f1_same_step,20260728_083632,1.874265432357788,0.6313290596008301,0.07042980194091797,0.058313608169555664,300,0.00019376436869303386,0.000171661376953125,0.00019860267639160156,,1344.33203125,1775.53,82313.5482552078,on,intra_fed,all2all,1,1,same_step,16,8,4,4
2,4,2,seq,,zmq,exchange_dummy,,local,1,300,1,scaling_F2_N4_M2_seq_zmq_local_xintra_fed_all2all_w1_f1_same_step,20260728_083635,1.8162963390350342,0.6316578388214111,0.060181617736816406,0.06124591827392578,300,0.00020352602005004882,0.00016355514526367188,0.000308990478515625,,1343.87109375,1761.27,78372.56972018498,on,intra_fed,all2all,1,1,same_step,16,8,4,4
2,4,2,seq,,zmq,exchange_dummy,,local,1,300,2,scaling_F2_N4_M2_seq_zmq_local_xintra_fed_all2all_w1_f1_same_step,20260728_083639,1.8636503219604492,0.6530613899230957,0.0720834732055664,0.0625448226928711,300,0.00020785888036092124,0.00016999244689941406,0.00033164024353027344,,1345.9296875,1680.4099999999999,76744.96134669046,on,intra_fed,all2all,1,1,same_step,16,8,4,4
2,4,4,seq,,zmq,exchange_dummy,,local,1,300,0,scaling_F2_N4_M4_seq_zmq_local_xintra_fed_all2all_w1_f1_same_step,20260728_083643,1.8045775890350342,0.631861686706543,0.07198309898376465,0.10547876358032227,300,0.0003509346644083659,0.00033843517303466797,0.0003733634948730469,,1348.1875,1683.1200000000001,91013.58106733573,on,intra_fed,all2all,1,1,same_step,32,16,8,8
2,4,4,seq,,zmq,exchange_dummy,,local,1,300,1,scaling_F2_N4_M4_seq_zmq_local_xintra_fed_all2all_w1_f1_same_step,20260728_083647,1.8153903484344482,0.6323814392089844,0.06893277168273926,0.10167264938354492,300,0.00033824682235717774,0.00029540061950683594,0.0004448890686035156,,1347.8359375,1662.4099999999999,94420.67319191644,on,intra_fed,all2all,1,1,same_step,32,16,8,8
2,4,4,seq,,zmq,exchange_dummy,,local,1,300,2,scaling_F2_N4_M4_seq_zmq_local_xintra_fed_all2all_w1_f1_same_step,20260728_083650,1.8150770664215088,0.6321852207183838,0.07064366340637207,0.10411977767944336,300,0.0003463379542032878,0.0003082752227783203,0.0003809928894042969,,1329.58203125,1381.85,92201.50305694855,on,intra_fed,all2all,1,1,same_step,32,16,8,8
2,4,8,seq,,zmq,exchange_dummy,,local,1,300,0,scaling_F2_N4_M8_seq_zmq_local_xintra_fed_all2all_w1_f1_same_step,20260728_083654,1.7799932956695557,0.6341187953948975,0.05870985984802246,0.18477320671081543,300,0.0006151986122131347,0.0005578994750976562,0.0006918907165527344,,1348.99609375,1481.55,103911.16949141608,on,intra_fed,all2all,1,1,same_step,64,32,16,16
2,4,8,seq,,zmq,exchange_dummy,,local,1,300,1,scaling_F2_N4_M8_seq_zmq_local_xintra_fed_all2all_w1_f1_same_step,20260728_083658,1.832970142364502,0.635223388671875,0.06937575340270996,0.18477511405944824,300,0.0006151445706685384,0.0005576610565185547,0.0007529258728027344,,1348.19140625,1669.3200000000002,103910.09686414117,on,intra_fed,all2all,1,1,same_step,64,32,16,16
2,4,8,seq,,zmq,exchange_dummy,,local,1,300,2,scaling_F2_N4_M8_seq_zmq_local_xintra_fed_all2all_w1_f1_same_step,20260728_083701,1.8081324100494385,0.6321258544921875,0.07052731513977051,0.1808774471282959,300,0.000602118174235026,0.0005524158477783203,0.0007669925689697266,,1348.25,1598.2,106149.22039662297,on,intra_fed,all2all,1,1,same_step,64,32,16,16
2,4,16,seq,,zmq,exchange_dummy,,local,1,300,0,scaling_F2_N4_M16_seq_zmq_local_xintra_fed_all2all_w1_f1_same_step,20260728_083705,1.8057773113250732,0.6299393177032471,0.06294798851013184,0.49544644355773926,300,0.0016505002975463867,0.0017067193984985352,0.002416372299194336,,1351.82421875,1546.06,77505.8545667507,on,intra_fed,all2all,1,1,same_step,128,64,32,32
2,4,16,seq,,zmq,exchange_dummy,,local,1,300,1,scaling_F2_N4_M16_seq_zmq_local_xintra_fed_all2all_w1_f1_same_step,20260728_083709,1.8928232192993164,0.6313319206237793,0.11596369743347168,0.3780689239501953,300,0.0012593754132588703,0.001052260398864746,0.0022063255310058594,,1351.83203125,1839.89,101568.78168875525,on,intra_fed,all2all,1,1,same_step,128,64,32,32
2,4,16,seq,,zmq,exchange_dummy,,local,1,300,2,scaling_F2_N4_M16_seq_zmq_local_xintra_fed_all2all_w1_f1_same_step,20260728_083713,1.818148136138916,0.6288485527038574,0.06583499908447266,0.34003162384033203,300,0.0011326225598653158,0.001061558723449707,0.0012912750244140625,,1355.16796875,1587.54,112930.6726424699,on,intra_fed,all2all,1,1,same_step,128,64,32,32
2,4,32,seq,,zmq,exchange_dummy,,local,1,300,0,scaling_F2_N4_M32_seq_zmq_local_xintra_fed_all2all_w1_f1_same_step,20260728_083716,1.8335602283477783,0.6315691471099854,0.07077360153198242,0.6709201335906982,300,0.0022355318069458008,0.002221822738647461,0.0025026798248291016,,1354.671875,1440.4153846153847,114469.66062707642,on,intra_fed,all2all,1,1,same_step,256,128,64,64
2,4,32,seq,,zmq,exchange_dummy,,local,1,300,1,scaling_F2_N4_M32_seq_zmq_local_xintra_fed_all2all_w1_f1_same_step,20260728_083721,1.8413467407226562,0.6316213607788086,0.07102203369140625,0.7497878074645996,300,0.002498366038004557,0.002190232276916504,0.003968000411987305,,1361.296875,1291.9384615384615,102428.9795531598,on,intra_fed,all2all,1,1,same_step,256,128,64,64
2,4,32,seq,,zmq,exchange_dummy,,local,1,300,2,scaling_F2_N4_M32_seq_zmq_local_xintra_fed_all2all_w1_f1_same_step,20260728_083726,1.8737871646881104,0.6317417621612549,0.07124948501586914,0.6889681816101074,300,0.0022956506411234536,0.0022095441818237305,0.0025429725646972656,,1356.80078125,1349.1923076923076,111471.040390457,on,intra_fed,all2all,1,1,same_step,256,128,64,64
2,4,64,seq,,zmq,exchange_dummy,,local,1,300,0,scaling_F2_N4_M64_seq_zmq_local_xintra_fed_all2all_w1_f1_same_step,20260728_083731,1.9511661529541016,0.6316750049591064,0.07184457778930664,1.3523132801055908,300,0.004506738980611166,0.00406801700592041,0.008444070816040039,,1382.9140625,1487.253846153846,113583.14841662034,on,intra_fed,all2all,1,1,same_step,512,256,128,128
2,4,64,seq,,zmq,exchange_dummy,,local,1,300,1,scaling_F2_N4_M64_seq_zmq_local_xintra_fed_all2all_w1_f1_same_step,20260728_083736,1.9033153057098389,0.6320185661315918,0.07102203369140625,1.296633243560791,300,0.004321210384368897,0.0039473772048950195,0.008803844451904297,,1388.38671875,1601.430769230769,118460.6370095729,on,intra_fed,all2all,1,1,same_step,512,256,128,128
2,4,64,seq,,zmq,exchange_dummy,,local,1,300,2,scaling_F2_N4_M64_seq_zmq_local_xintra_fed_all2all_w1_f1_same_step,20260728_083740,1.8718483448028564,0.6328954696655273,0.07128429412841797,1.2838642597198486,300,0.004278527895609538,0.003974318504333496,0.00623631477355957,,1389.2265625,1569.253846153846,119638.81604860391,on,intra_fed,all2all,1,1,same_step,512,256,128,128
2,2,4,seq,,zmq,exchange_dummy,,local,1,300,0,scaling_F2_N2_M4_seq_zmq_local_xintra_fed_all2all_w1_f1_same_step,20260728_083745,1.681302785873413,0.6350743770599365,0.04093027114868164,0.09169197082519531,300,0.0003050335248311361,0.00029087066650390625,0.00042366981506347656,,779.51953125,1036.97,52349.18561354606,on,intra_fed,all2all,1,1,same_step,8,8,4,4
2,2,4,seq,,zmq,exchange_dummy,,local,1,300,1,scaling_F2_N2_M4_seq_zmq_local_xintra_fed_all2all_w1_f1_same_step,20260728_083749,1.6296191215515137,0.6314892768859863,0.037772417068481445,0.09758949279785156,300,0.00032468636830647785,0.0002976655960083008,0.00042247772216796875,,783.77734375,1201.03,49185.62298446203,on,intra_fed,all2all,1,1,same_step,8,8,4,4
2,2,4,seq,,zmq,exchange_dummy,,local,1,300,2,scaling_F2_N2_M4_seq_zmq_local_xintra_fed_all2all_w1_f1_same_step,20260728_083752,1.6097149848937988,0.6318464279174805,0.037423133850097656,0.09871077537536621,300,0.00032840331395467124,0.00030434131622314453,0.00040411949157714844,,783.4453125,1005.85,48626.91009919739,on,intra_fed,all2all,1,1,same_step,8,8,4,4
2,4,4,seq,,zmq,exchange_dummy,,local,1,300,0,scaling_F2_N4_M4_seq_zmq_local_xintra_fed_all2all_w1_f1_same_step,20260728_083756,1.7874679565429688,0.6345539093017578,0.0717775821685791,0.12203454971313477,300,0.00040604273478190103,0.0003072023391723633,0.0006854534149169922,,1346.39453125,1447.1454545454544,78666.24675197812,on,intra_fed,all2all,1,1,same_step,32,16,8,8
2,4,4,seq,,zmq,exchange_dummy,,local,1,300,1,scaling_F2_N4_M4_seq_zmq_local_xintra_fed_all2all_w1_f1_same_step,20260728_083800,1.8379442691802979,0.6311249732971191,0.06965970993041992,0.10146498680114746,300,0.00033757289250691734,0.0003008842468261719,0.0004265308380126953,,1349.05078125,1603.41,94613.9185807437,on,intra_fed,all2all,1,1,same_step,32,16,8,8
2,4,4,seq,,zmq,exchange_dummy,,local,1,300,2,scaling_F2_N4_M4_seq_zmq_local_xintra_fed_all2all_w1_f1_same_step,20260728_083804,1.8260204792022705,0.6320159435272217,0.07050871849060059,0.10745024681091309,300,0.0003575285275777181,0.0003006458282470703,0.0005352497100830078,,1347.40625,1732.48,89343.67565384675,on,intra_fed,all2all,1,1,same_step,32,16,8,8
2,8,4,seq,,zmq,exchange_dummy,,local,1,300,0,scaling_F2_N8_M4_seq_zmq_local_xintra_fed_all2all_w1_f1_same_step,20260728_083808,2.1550397872924805,0.6329214572906494,0.14008784294128418,0.13953280448913574,300,0.00046431461970011394,0.00035512447357177734,0.000701904296875,,2469.421875,2840.45,137602.05043033406,on,intra_fed,all2all,1,1,same_step,128,32,16,16
2,8,4,seq,,zmq,exchange_dummy,,local,1,300,1,scaling_F2_N8_M4_seq_zmq_local_xintra_fed_all2all_w1_f1_same_step,20260728_083811,2.1438913345336914,0.6322426795959473,0.14017987251281738,0.17656207084655762,300,0.0005875881512959799,0.0006166696548461914,0.0008733272552490234,,2465.05859375,2683.3399999999992,108743.62714450649,on,intra_fed,all2all,1,1,same_step,128,32,16,16
2,8,4,seq,,zmq,exchange_dummy,,local,1,300,2,scaling_F2_N8_M4_seq_zmq_local_xintra_fed_all2all_w1_f1_same_step,20260728_083815,2.2244222164154053,0.6319317817687988,0.1413590908050537,0.1865525245666504,300,0.0006207346916198731,0.0006262063980102539,0.0007090568542480469,,2458.08203125,3177.33,102920.07596573874,on,intra_fed,all2all,1,1,same_step,128,32,16,16
2,16,4,seq,,zmq,exchange_dummy,,local,1,300,0,scaling_F2_N16_M4_seq_zmq_local_xintra_fed_all2all_w1_f1_same_step,20260728_083819,2.868131637573242,0.6357648372650146,0.5211186408996582,0.3927314281463623,300,0.0013080652554829915,0.0013165473937988281,0.0015251636505126953,,4683.1640625,3461.22,97776.7432090746,on,intra_fed,all2all,1,1,same_step,512,64,32,32
2,16,4,seq,,zmq,exchange_dummy,,local,1,300,1,scaling_F2_N16_M4_seq_zmq_local_xintra_fed_all2all_w1_f1_same_step,20260728_083825,2.7571396827697754,0.6321017742156982,0.3607974052429199,0.4208545684814453,300,0.0014016310373942058,0.0013183355331420898,0.0017654895782470703,,4680.39453125,3619.2428571428572,91242.92065678975,on,intra_fed,all2all,1,1,same_step,512,64,32,32
2,16,4,seq,,zmq,exchange_dummy,,local,1,300,2,scaling_F2_N16_M4_seq_zmq_local_xintra_fed_all2all_w1_f1_same_step,20260728_083830,2.7997403144836426,0.6335492134094238,0.41353702545166016,0.38367223739624023,300,0.0012776581446329752,0.0012621879577636719,0.0016286373138427734,,4681.91796875,3712.3142857142857,100085.42776146226,on,intra_fed,all2all,1,1,same_step,512,64,32,32
2,32,4,seq,,zmq,exchange_dummy,,local,1,300,0,scaling_F2_N32_M4_seq_zmq_local_xintra_fed_all2all_w1_f1_same_step,20260728_083836,4.234286308288574,1.1560370922088623,0.97987961769104,1.6117758750915527,300,0.005370377699534098,0.005184292793273926,0.007314920425415039,,9137.74609375,4687.173913043479,47649.304836280404,on,intra_fed,all2all,1,1,same_step,2048,128,64,64
2,32,4,seq,,zmq,exchange_dummy,,local,1,300,1,scaling_F2_N32_M4_seq_zmq_local_xintra_fed_all2all_w1_f1_same_step,20260728_083844,4.1486334800720215,0.853337287902832,1.2114875316619873,1.7150769233703613,300,0.005714356899261475,0.005392551422119141,0.007403373718261719,,9152.27734375,4695.05652173913,44779.33260805438,on,intra_fed,all2all,1,1,same_step,2048,128,64,64
2,32,4,seq,,zmq,exchange_dummy,,local,1,300,2,scaling_F2_N32_M4_seq_zmq_local_xintra_fed_all2all_w1_f1_same_step,20260728_083853,4.085706472396851,1.044389009475708,1.09138822555542,1.7000064849853516,300,0.0056642810503641765,0.005538225173950195,0.006744384765625,,9138.74609375,4481.165217391304,45176.29825433387,on,intra_fed,all2all,1,1,same_step,2048,128,64,64
